decision_year,Radiology,Cardiovascular,Neurology,Other,total
2010,0.0,0.0,0.0,2.0,2.0
2011,1.0,0.0,0.0,2.0,3.0
2012,2.0,1.0,0.0,2.0,5.0
2013,0.0,1.0,0.0,3.0,4.0
2014,5.0,0.0,1.0,0.0,6.0
2015,1.0,1.0,1.0,3.0,6.0
2016,11.0,4.0,1.0,2.0,18.0
2017,16.0,7.0,0.0,4.0,27.0
2018,40.0,10.0,6.0,9.0,65.0
2019,51.0,15.0,5.0,9.0,80.0
2020,99.0,8.0,1.0,6.0,114.0
2021,110.0,11.0,3.0,5.0,129.0
2022,138.0,14.0,2.0,8.0,162.0
2023,178.0,21.0,11.0,16.0,226.0
2024,183.0,15.0,15.0,22.0,235.0
2025,254.0,30.0,19.0,32.0,335.0
2026,135.0,15.0,8.0,23.0,181.0
