company,key,method,parent,listing,sec_listed,public_company,confidence
16 Bit Inc,16 bit,none,,,0,0,
"23andMe, Inc.",23andme,none,,,0,0,
"3D Systems, Inc.",3d systems,sec_exact,3D SYSTEMS CORP,SEC:DDD,1,1,high
3D-Side SA,3d side,none,,,0,0,
3Shape TRIOS A/S,3shape trios,none,,,0,0,
7D Surgical Inc.,7d surgical,none,,,0,0,
7D Surgical ULC,7d surgical,none,,,0,0,
"A2z Radiology Ai, Inc.",a2z radiology ai,none,,,0,0,
ABBOTT MEDICAL,abbott medical,parent_table,Abbott Laboratories,SEC:ABT,1,1,high
"ADM Diagnostics, Inc.",adm diagnostics,none,,,0,0,
AEYE Health Inc.,aeye health,none,,,0,0,
"AEYE Health, Inc.",aeye health,none,,,0,0,
AI Medical AG,ai medical,none,,,0,0,
"AI Metrics, LLC",ai metrics,none,,,0,0,
AI4MedImaging Medical Solutions S.A.,ai4medimaging medical solutions,none,,,0,0,
"AIQ Global, Inc.",aiq global,none,,,0,0,
"AIQ Solutions, Inc.",aiq solutions,none,,,0,0,
AIRAmed GmbH,airamed,none,,,0,0,
AIRS Medical Inc.,airs medical,none,,,0,0,
AIT Austrian Institute of Technology GmbH,ait austrian institute of technology,none,,,0,0,
"AIbolit Technologies, LLC",aibolit technologies,none,,,0,0,
ALGOMEDICA,algomedica,none,,,0,0,
AMRA Medical AB,amra medical,none,,,0,0,
"APPIAN MEDICAL, INC.",appian medical,none,,,0,0,
ARTERYS INC.,arterys,parent_table,Tempus AI Inc.,SEC:TEM,1,1,high
"ATsens Co.,Ltd.",atsens,none,,,0,0,
AVICENNA.AI,avicenna ai,none,,,0,0,
AZmed,azmed,none,,,0,0,
AZmed SAS,azmed,none,,,0,0,
Abbott,abbott,parent_table,Abbott Laboratories,SEC:ABT,1,1,high
Abbott Medical,abbott medical,parent_table,Abbott Laboratories,SEC:ABT,1,1,high
"Accelerate Diagnostics, Inc.",accelerate diagnostics,none,,,0,0,
Adas3D Medical S.L,adas3d medical s l,none,,,0,0,
Adas3D Medical S.L.,adas3d medical s l,none,,,0,0,
Adra Corporation,adra,none,,,0,0,
"AgaMatrix, Inc.",agamatrix,none,,,0,0,
"Agada Medical, Ltd.",agada medical,none,,,0,0,
Agfa HealthCare N.V.,agfa healthcare,none,,,0,0,
"AgileMD, Inc.",agilemd,none,,,0,0,
Ai4medimaging Medical Solutions S.A.,ai4medimaging medical solutions,none,,,0,0,
"Aibolit Technologies, LLC",aibolit technologies,none,,,0,0,
"Aidoc Medical , Ltd.",aidoc medical,none,,,0,0,
"Aidoc Medical, Ltd.",aidoc medical,none,,,0,0,
Aikenist Technologies Pvt Ltd,aikenist technologies pvt,none,,,0,0,
"Airs Medical, Inc.",airs medical,none,,,0,0,
Aisap,aisap,none,,,0,0,
"Aitewan Biomedical Technology, Inc.",aitewan biomedical technology,none,,,0,0,
Alife Health,alife health,none,,,0,0,
"Alimetry , Ltd.",alimetry,none,,,0,0,
"Alio, Inc.",alio,none,,,0,0,
"AliveCor, Inc.",alivecor,none,,,0,0,
"Alpha Intelligence Manifolds, Inc.",alpha intelligence manifolds,none,,,0,0,
"Alphatec Spine, Inc.",alphatec spine,none,,,0,0,
AmCad BioMed Corporation,amcad biomed,none,,,0,0,
"Analytics for Life, Inc.",analytics for life,none,,,0,0,
"Angiowave Imaging, Inc.",angiowave imaging,none,,,0,0,
"Ankon Technologies co., ltd",ankon technologies,none,,,0,0,
Annalise-AI,annalise ai,none,,,0,0,
Annalise-AI Pty Ltd,annalise ai,none,,,0,0,
Annalise-AI Pty Ltd.,annalise ai,none,,,0,0,
"Anumana, Inc.",anumana,none,,,0,0,
Apple Inc.,apple,sec_exact,Apple Inc.,SEC:AAPL,1,1,high
Arineta Ltd.,arineta,none,,,0,0,
Arkray Inc.,arkray,none,,,0,0,
Artera Inc.,artera,none,,,0,0,
"Artera, Inc.",artera,none,,,0,0,
Arterys Inc.,arterys,parent_table,Tempus AI Inc.,SEC:TEM,1,1,high
"Arterys, Inc.",arterys,parent_table,Tempus AI Inc.,SEC:TEM,1,1,high
Artrya Limited,artrya,none,,,0,0,
Athelas Inc.,athelas,none,,,0,0,
"Athelas, Inc.",athelas,none,,,0,0,
Audax d.o.o.,audax d o o,none,,,0,0,
Augmedics Ltd.,augmedics,none,,,0,0,
"Augmedics, Ltd.",augmedics,none,,,0,0,
Augmedit B.V.,augmedit,none,,,0,0,
AusculThing Oy,ausculthing,none,,,0,0,
Avatar Medical,avatar medical,none,,,0,0,
"Avenda Health, Inc.",avenda health,none,,,0,0,
"Avicena, LLC",avicena,none,,,0,0,
Avicenna.AI,avicenna ai,none,,,0,0,
"Avive Solutions, Inc.",avive solutions,none,,,0,0,
Axial Medical Printing Limited,axial medical printing,none,,,0,0,
B-Secur Limited,b secur,none,,,0,0,
BD DIAGNOSTICS,bd diagnostics,none,,,0,0,
"BECKMAN COULTER, INC.",beckman coulter,none,,,0,0,
"BIO-RAD LABORATORIES, INC.",bio rad laboratories,sec_exact,"BIO-RAD LABORATORIES, INC.",SEC:BIO,1,1,high
"BIOMERIEUX, INC.",biomerieux,none,,,0,0,
BK Medical Aps,bk medical aps,none,,,0,0,
BODY VISION MEDICAL LTD.,body vision medical,none,,,0,0,
BRAINSCOPE COMPANY INC,brainscope,none,,,0,0,
"BRAINSCOPE COMPANY, INC",brainscope,none,,,0,0,
"BRAINSCOPE COMPANY, INC.",brainscope,none,,,0,0,
"BRUKER DALTONICS, INC",bruker daltonics,none,,,0,0,
"Bay Labs, Inc.",bay labs,none,,,0,0,
"Bayesian Health, Inc.",bayesian health,none,,,0,0,
"Beacon Biosignals, Inc.",beacon biosignals,none,,,0,0,
"BeauBrain Healthcare, Inc.",beaubrain healthcare,none,,,0,0,
Behold.AI Technologies Limited,behold ai technologies,none,,,0,0,
"Beijing Infervision Healthcare Medical Technology Co., Ltd.",beijing infervision healthcare medical technology,none,,,0,0,
"Beijing Infervision Technology Co.,Ltd.",beijing infervision technology,none,,,0,0,
Belun Technology Company Limited,belun technology,none,,,0,0,
"Bench7, Inc.",bench7,none,,,0,0,
Bering Ltd,bering,none,,,0,0,
Better Diagnostics AI Corp,better diagnostics ai,none,,,0,0,
Biofourmis Singapore Pte. Ltd,biofourmis singapore pte,none,,,0,0,
Biofourmis Singapore Pte. Ltd.,biofourmis singapore pte,none,,,0,0,
"Biosense Webster, Inc.",biosense webster,none,,,0,0,
"Bioticsai, Inc.",bioticsai,none,,,0,0,
Body Vision Medical Ltd.,body vision medical,none,,,0,0,
BodyVision Medical Ltd.,bodyvision medical,none,,,0,0,
"Bonraybio Co., LTD.",bonraybio,none,,,0,0,
"Bonraybio Co., Ltd.",bonraybio,none,,,0,0,
"Boston Scientific Cardiac Diagnostic Technologies, Inc.",boston scientific cardiac diagnostic technologies,none,,,0,0,
"BrainScope Company, Inc.",brainscope,none,,,0,0,
Brainlab AG,brainlab,parent_table,Brainlab AG,,0,0,high
Brainlab Ltd.,brainlab,parent_table,Brainlab AG,,0,0,high
Brainomix Limited,brainomix,none,,,0,0,
BrightHeart,brightheart,none,,,0,0,
Brightheart,brightheart,none,,,0,0,
BunkerHill Health,bunkerhill health,none,,,0,0,
Bunkerhill Health,bunkerhill health,none,,,0,0,
"Bunkerhill, Inc",bunkerhill,none,,,0,0,
"Butterfly Network, Inc.",butterfly network,sec_exact,"Butterfly Network, Inc.",SEC:BFLY,1,1,high
CARESTREAM DENTAL LLC,carestream dental,none,,,0,0,
CASIS Cardiac Simulation & Imaging Software,casis cardiac simulation imaging software,none,,,0,0,
CELLAVISION AB,cellavision,parent_table,CellaVision AB,STO:CEVI,0,1,high
CIRCLE CARDIOVASCULAR IMAGING INC,circle cardiovascular imaging,none,,,0,0,
CLEW Medical Ltd.,clew medical,none,,,0,0,
COMPUMEDICS PTD LTD.,compumedics ptd,none,,,0,0,
CSD Labs GmbH,csd labs,none,,,0,0,
"Cancer Genetics, Inc.",cancer genetics,none,,,0,0,
Canon Inc.,canon,sec_exact,CANON INC,SEC:CAJPY,1,1,high
"Canon Medical Informatics, Inc.",canon medical informatics,parent_table,Canon Inc.,SEC:CAJPY,1,1,high
Canon Medical Systems Corporation,canon medical systems,parent_table,Canon Inc.,SEC:CAJPY,1,1,high
"Canon, Inc.",canon,sec_exact,CANON INC,SEC:CAJPY,1,1,high
Caption Health,caption health,parent_table,GE HealthCare Technologies Inc.,SEC:GEHC,1,1,high
"Caption Health, Inc",caption health,parent_table,GE HealthCare Technologies Inc.,SEC:GEHC,1,1,high
"Caption Health, Inc.",caption health,parent_table,GE HealthCare Technologies Inc.,SEC:GEHC,1,1,high
"Cara Medical, Ltd.",cara medical,none,,,0,0,
Caranx Medical,caranx medical,none,,,0,0,
Cardio-Phoenix Inc.,cardio phoenix,none,,,0,0,
Cardiologs Technologies,cardiologs technologies,none,,,0,0,
"Cardiosense, Inc.",cardiosense,none,,,0,0,
"Carestream Health, Inc.",carestream health,none,,,0,0,
Careverse Technology Pte. Ltd.,careverse technology pte,none,,,0,0,
Carina Medical LLC,carina medical,none,,,0,0,
Caristo Diagnostics Ltd.,caristo diagnostics,none,,,0,0,
"Carl Zeiss Meditec, Inc",carl zeiss meditec,none,,,0,0,
"Carl Zeiss Meditec, Inc.",carl zeiss meditec,none,,,0,0,
"Carlsmed, Inc.",carlsmed,sec_exact,"CARLSMED, INC.",SEC:CARL,1,1,high
CathWorks Ltd,cathworks,none,,,0,0,
Cedars-Sinai Medical Center: AIM,cedars sinai medical center aim,none,,,0,0,
"Ceevra, Inc.",ceevra,none,,,0,0,
Cella Vision AB,cella vision,none,,,0,0,
CellaVision AB,cellavision,parent_table,CellaVision AB,STO:CEVI,0,1,high
Cercare Medical A/S,cercare medical,none,,,0,0,
"Ceribell, Inc.",ceribell,sec_exact,"Ceribell, Inc.",SEC:CBLL,1,1,high
Change Healthcare Canada Company,change healthcare canada,none,,,0,0,
"Checkcells, Inc.",checkcells,none,,,0,0,
"Chengdu Wision Medical Device Co., LTD.",chengdu wision medical device,none,,,0,0,
Circle Cardiovascular Imaging,circle cardiovascular imaging,none,,,0,0,
Circle Cardiovascular Imaging Inc,circle cardiovascular imaging,none,,,0,0,
Circle Cardiovascular Imaging Inc.,circle cardiovascular imaging,none,,,0,0,
"Circle Cardiovascular Imaging, Inc.",circle cardiovascular imaging,none,,,0,0,
"Circle Neurovascular Imaging, Inc",circle neurovascular imaging,none,,,0,0,
"Clairity, Inc.",clairity,none,,,0,0,
ClariPI Inc.,claripi,none,,,0,0,
ClariPi Inc.,claripi,none,,,0,0,
Clarius Mobile Health Corp.,clarius mobile health,none,,,0,0,
ClearPoint Neuro Inc.,clearpoint neuro,sec_exact,"ClearPoint Neuro, Inc.",SEC:CLPT,1,1,high
"ClearPoint Neuro, Inc.",clearpoint neuro,sec_exact,"ClearPoint Neuro, Inc.",SEC:CLPT,1,1,high
ClearView Diagnostics Inc.,clearview diagnostics,none,,,0,0,
Cleerly Inc,cleerly,none,,,0,0,
"Cleerly, Inc",cleerly,none,,,0,0,
"Cleerly, Inc.",cleerly,none,,,0,0,
Clever Culture Systems AG,clever culture systems,none,,,0,0,
Clew Medical Ltd.,clew medical,none,,,0,0,
Coapt,coapt,none,,,0,0,
"Coapt, LLC",coapt,none,,,0,0,
"Cognoa, Inc.",cognoa,none,,,0,0,
Combinostics Oy,combinostics,none,,,0,0,
Compumedics Limited,compumedics,none,,,0,0,
"Conavi Medical, Inc.",conavi medical,none,,,0,0,
ContinUse Biometrics Ltd.,continuse biometrics,none,,,0,0,
Copan Wasp Srl,copan wasp,none,,,0,0,
"CorTechs Labs, Inc",cortechs labs,none,,,0,0,
"CorTechs Labs, Inc.",cortechs labs,none,,,0,0,
"CorVista Health, Inc.",corvista health,none,,,0,0,
"Coreline Soft Co., Ltd",coreline soft,parent_table,Listed Korean AI company,KOSDAQ,0,1,check
"Coreline Soft Co., Ltd.",coreline soft,parent_table,Listed Korean AI company,KOSDAQ,0,1,check
"Coreline Soft Co.,Ltd",coreline soft,parent_table,Listed Korean AI company,KOSDAQ,0,1,check
"Coreline Soft Co.,Ltd.",coreline soft,parent_table,Listed Korean AI company,KOSDAQ,0,1,check
CorticoMetrics LLC,corticometrics,none,,,0,0,
Cosmo Artificial Intelligence - AI Ltd,cosmo artificial intelligence ai,parent_table,Cosmo Pharmaceuticals N.V.,SIX:COPN,0,1,check
"Cosmo Artificial Intelligence - AI, LTD",cosmo artificial intelligence ai,parent_table,Cosmo Pharmaceuticals N.V.,SIX:COPN,0,1,check
"Cosmo Artificial Intelligence - Ai, Ltd.",cosmo artificial intelligence ai,parent_table,Cosmo Pharmaceuticals N.V.,SIX:COPN,0,1,check
"Covidien, LLC",covidien,none,,,0,0,
"Crescom Co., Ltd.",crescom,none,,,0,0,
Csd Labs,csd labs,none,,,0,0,
"Cube Click, Inc.",cube click,none,,,0,0,
CuraCloud Corp.,curacloud,none,,,0,0,
"CureMetrix, Inc",curemetrix,none,,,0,0,
"CureMetrix, Inc.",curemetrix,none,,,0,0,
Cycle Clarity,cycle clarity,none,,,0,0,
Cydar Ltd.,cydar,none,,,0,0,
DASI Simulations,dasi simulations,none,,,0,0,
"DGNCT, LLC",dgnct,none,,,0,0,
"DIACARDIO, LTD.",diacardio,none,,,0,0,
DIACOUSTIC MEDICAL (PTY),diacoustic medical,none,,,0,0,
DIACOUSTIC MEDICAL DEVICES (PTY) LTD.,diacoustic medical devices,none,,,0,0,
"Darmiyan, Inc.",darmiyan,none,,,0,0,
"Deep Breathe, Inc.",deep breathe,none,,,0,0,
Deep01 Limited,deep01,none,,,0,0,
DeepEcho,deepecho,none,,,0,0,
"DeepHealth, Inc",deephealth,parent_table,RadNet Inc.,SEC:RDNT,1,1,high
"DeepHealth, Inc.",deephealth,parent_table,RadNet Inc.,SEC:RDNT,1,1,high
DeepTek Medical Imaging Pvt Ltd,deeptek medical imaging pvt,none,,,0,0,
Deepvoxel INC,deepvoxel,none,,,0,0,
"Densitas, Inc.",densitas,none,,,0,0,
Dental Monitoring SAS,dental monitoring,none,,,0,0,
"Denti.AI Technology, Inc.",denti ai technology,none,,,0,0,
Dentsply Sirona,dentsply sirona,sec_exact,DENTSPLY SIRONA Inc.,SEC:XRAY,1,1,high
Dentsply Sirona Inc.,dentsply sirona,sec_exact,DENTSPLY SIRONA Inc.,SEC:XRAY,1,1,high
"Dentsply Sirona, Inc.",dentsply sirona,sec_exact,DENTSPLY SIRONA Inc.,SEC:XRAY,1,1,high
Depuy Ireland UC,depuy ireland uc,none,,,0,0,
DermaSensor Inc.,dermasensor,none,,,0,0,
Deski,deski,none,,,0,0,
DiA Imaging Analysis Ltd,dia imaging analysis,parent_table,Koninklijke Philips N.V.,SEC:PHG,1,1,high
DiA Imaging Analysis Ltd.,dia imaging analysis,parent_table,Koninklijke Philips N.V.,SEC:PHG,1,1,high
Diagnoly,diagnoly,none,,,0,0,
Digestaid - Artificial Intelligence Development SA,digestaid artificial intelligence development,none,,,0,0,
Digital Diagnostics Inc.,digital diagnostics,none,,,0,0,
"Dilon Medical Technologies, Ltd.",dilon medical technologies,none,,,0,0,
Disior Ltd,disior,parent_table,Zimmer Biomet Holdings Inc.,SEC:ZBH,1,1,check
DreaMed Diabetes Ltd,dreamed diabetes,none,,,0,0,
"DreaMed Diabetes, Ltd.",dreamed diabetes,none,,,0,0,
"Dyad Medical, Inc",dyad medical,none,,,0,0,
EOS imaging,eos imaging,parent_table,Alphatec Holdings Inc.,SEC:ATEC,1,1,check
EXINI Diagnostics AB,exini diagnostics,parent_table,Lantheus Holdings Inc.,SEC:LNTH,1,1,check
EarliTec Diagnostics,earlitec diagnostics,none,,,0,0,
"EarliTec Diagnostics, Inc",earlitec diagnostics,none,,,0,0,
"EarliTec Diagnostics, Inc.",earlitec diagnostics,none,,,0,0,
Earlitec Diagnostics,earlitec diagnostics,none,,,0,0,
Echo IQ Ltd,echo iq,none,,,0,0,
"EchoNous, Inc.",echonous,none,,,0,0,
Edgecare Inc.,edgecare,none,,,0,0,
"Edgecare, Inc.",edgecare,none,,,0,0,
"Edwards Lifeciences, LLC",edwards lifeciences,none,,,0,0,
Edwards Lifesciences LLC,edwards lifesciences,sec_exact,Edwards Lifesciences Corp,SEC:EW,1,1,high
"Edwards Lifesciences, LLC",edwards lifesciences,sec_exact,Edwards Lifesciences Corp,SEC:EW,1,1,high
Eko Devices Inc,eko devices,none,,,0,0,
"Eko Devices, Inc.",eko devices,none,,,0,0,
"Eko Health, Inc.",eko health,none,,,0,0,
Eko.Ai Pte Ltd. D/B/A Us2.Ai,eko ai pte d b a us2 ai,none,,,0,0,
Eko.ai Pte. Ltd d/b/a Us2.ai,eko ai pte d b a us2 ai,none,,,0,0,
Elaitra Ltd,elaitra,none,,,0,0,
Elekta Solutions AB,elekta solutions,parent_table,Elekta AB,STO:EKTA-B,0,1,high
"Element Science, Inc.",element science,none,,,0,0,
Elucid Bioimaging Inc.,elucid bioimaging,none,,,0,0,
Empatica  Srl,empatica,none,,,0,0,
Empatica S.R.L.,empatica,none,,,0,0,
Empatica Srl,empatica,none,,,0,0,
"Enhatch, Inc.",enhatch,none,,,0,0,
EnsoData,ensodata,none,,,0,0,
"EnsoData, Inc.",ensodata,none,,,0,0,
Envisionit DeepAI Ltd,envisionit deepai,none,,,0,0,
Eos Imaging,eos imaging,parent_table,Alphatec Holdings Inc.,SEC:ATEC,1,1,check
"Epitel, Inc",epitel,none,,,0,0,
"Epitel, Inc.",epitel,none,,,0,0,
Esaote S.p.A.,esaote,parent_table,Esaote S.p.A.,,0,0,high
"Esaote, S.P.A.",esaote,parent_table,Esaote S.p.A.,,0,0,high
"Esaote, S.p.A.",esaote,parent_table,Esaote S.p.A.,,0,0,high
"Ever Fortune AI Co., Ltd.",ever fortune ai,none,,,0,0,
"Ever Fortune. AI Co., Ltd.",ever fortune ai,none,,,0,0,
"Ever Fortune.AI Co., Ltd.",ever fortune ai,none,,,0,0,
"Ever Fortune.AI, Co., Ltd.",ever fortune ai,none,,,0,0,
"Ever Fortune.Ai, Co., Ltd.",ever fortune ai,none,,,0,0,
"Ewoosoft Co., Ltd",ewoosoft,none,,,0,0,
"Excel Medical Electronics, LLC",excel medical electronics,none,,,0,0,
Exo Imaging,exo imaging,none,,,0,0,
Exo Inc,exo,none,,,0,0,
"Eyenuk, Inc",eyenuk,none,,,0,0,
"Eyenuk, Inc.",eyenuk,none,,,0,0,
Ezra AI Inc.,ezra ai,none,,,0,0,
"Ezra AI, Inc.",ezra ai,none,,,0,0,
FEops nv,feops,none,,,0,0,
FUJIFILM Corporation,fujifilm,parent_table,Fujifilm Holdings Corp.,TSE:4901,0,1,high
FUJIFILM Healthcare Americas Corporation,fujifilm healthcare americas,parent_table,Fujifilm Holdings Corp.,TSE:4901,0,1,high
FUJIFILM Healthcare Corporation,fujifilm healthcare,parent_table,Fujifilm Holdings Corp.,TSE:4901,0,1,high
FaceHeart Corp.,faceheart,none,,,0,0,
Fairtility Ltd.,fairtility,none,,,0,0,
Fasikl Incorporated,fasikl,none,,,0,0,
Feops NV,feops,none,,,0,0,
Fifth Eye Inc.,fifth eye,none,,,0,0,
Fitbit,fitbit,none,,,0,0,
Fluidda Inc.,fluidda,none,,,0,0,
Foqus Technologies Inc.,foqus technologies,none,,,0,0,
"Formus Labs, Ltd",formus labs,none,,,0,0,
"Fovia, Inc.",fovia,none,,,0,0,
Fujifilm Corporation,fujifilm,parent_table,Fujifilm Holdings Corp.,TSE:4901,0,1,high
Fujifilm Healthcare Americas Corporation,fujifilm healthcare americas,parent_table,Fujifilm Holdings Corp.,TSE:4901,0,1,high
Fujifilm Sonosite Inc,fujifilm sonosite,parent_table,Fujifilm Holdings Corp.,TSE:4901,0,1,high
GAUSS SURGICAL INC.,gauss surgical,none,,,0,0,
"GE Hangwei Medical Systems Co., Ltd.",ge hangwei medical systems,none,,,0,0,
"GE Hangwei Medical Systems, Co., Ltd.",ge hangwei medical systems,none,,,0,0,
GE HealthCare,ge healthcare,parent_table,GE HealthCare Technologies Inc.,SEC:GEHC,1,1,high
GE Healthcare,ge healthcare,parent_table,GE HealthCare Technologies Inc.,SEC:GEHC,1,1,high
"GE Healthcare (GE Medical Systems, LLC)",ge healthcare ge medical systems,parent_table,GE HealthCare Technologies Inc.,SEC:GEHC,1,1,high
GE Healthcare (Tianjin) Company Limited,ge healthcare tianjin,parent_table,GE HealthCare Technologies Inc.,SEC:GEHC,1,1,high
GE Healthcare Japan Corporation,ge healthcare japan,parent_table,GE HealthCare Technologies Inc.,SEC:GEHC,1,1,high
GE Healthcare(Tianjin) Company Limited,ge healthcare tianjin,parent_table,GE HealthCare Technologies Inc.,SEC:GEHC,1,1,high
"GE Hualun Medical Systems Co., Ltd",ge hualun medical systems,parent_table,GE HealthCare Technologies Inc.,SEC:GEHC,1,1,high
GE MEDICAL SYSTEMS SCS,ge medical systems scs,parent_table,GE HealthCare Technologies Inc.,SEC:GEHC,1,1,high
GE Medical Systems,ge medical systems,parent_table,GE HealthCare Technologies Inc.,SEC:GEHC,1,1,high
GE Medical Systems Israel,ge medical systems israel,parent_table,GE HealthCare Technologies Inc.,SEC:GEHC,1,1,high
"GE Medical Systems Israel, Functional Imaging",ge medical systems israel functional imaging,parent_table,GE HealthCare Technologies Inc.,SEC:GEHC,1,1,high
GE Medical Systems SCS,ge medical systems scs,parent_table,GE HealthCare Technologies Inc.,SEC:GEHC,1,1,high
"GE Medical Systems Ultrasound & Primary Care Diagnostic, LLC",ge medical systems ultrasound primary care diagnostic,parent_table,GE HealthCare Technologies Inc.,SEC:GEHC,1,1,high
GE Medical Systems Ultrasound & Primary Care Diagnostics LLC,ge medical systems ultrasound primary care diagnostics,parent_table,GE HealthCare Technologies Inc.,SEC:GEHC,1,1,high
"GE Medical Systems Ultrasound & Primary Care Diagnostics, LLC",ge medical systems ultrasound primary care diagnostics,parent_table,GE HealthCare Technologies Inc.,SEC:GEHC,1,1,high
GE Medical Systems Ultrasound and,ge medical systems ultrasound and,parent_table,GE HealthCare Technologies Inc.,SEC:GEHC,1,1,high
"GE Medical Systems Ultrasound and Primary Care Diagnostic,",ge medical systems ultrasound and primary care diagnostic,parent_table,GE HealthCare Technologies Inc.,SEC:GEHC,1,1,high
GE Medical Systems Ultrasound and Primary Care Diagnostics,ge medical systems ultrasound and primary care diagnostics,parent_table,GE HealthCare Technologies Inc.,SEC:GEHC,1,1,high
"GE Medical Systems Ultrasound and Primary Care Diagnostics,",ge medical systems ultrasound and primary care diagnostics,parent_table,GE HealthCare Technologies Inc.,SEC:GEHC,1,1,high
GE Medical Systems Ultrasound and Primary care Diagnostics,ge medical systems ultrasound and primary care diagnostics,parent_table,GE HealthCare Technologies Inc.,SEC:GEHC,1,1,high
"GE Medical Systems Ultrasound and Primary care Diagnostics,",ge medical systems ultrasound and primary care diagnostics,parent_table,GE HealthCare Technologies Inc.,SEC:GEHC,1,1,high
"GE Medical Systems, LLC",ge medical systems,parent_table,GE HealthCare Technologies Inc.,SEC:GEHC,1,1,high
"GE Medical Systems, LLC.",ge medical systems,parent_table,GE HealthCare Technologies Inc.,SEC:GEHC,1,1,high
"GE Medical Systems,LLC (GE Healthcare)",ge medical systems ge healthcare,parent_table,GE HealthCare Technologies Inc.,SEC:GEHC,1,1,high
Galgo Medical S.L,galgo medical s l,none,,,0,0,
"Galileo CDS, Inc",galileo cds,none,,,0,0,
Ge Healthcare Japan Corporation,ge healthcare japan,parent_table,GE HealthCare Technologies Inc.,SEC:GEHC,1,1,high
"Ge Hualun Medical Systems Co. , Ltd.",ge hualun medical systems,parent_table,GE HealthCare Technologies Inc.,SEC:GEHC,1,1,high
Ge Medical Systems Ultrasound and Primary Care Diagnostics,ge medical systems ultrasound and primary care diagnostics,parent_table,GE HealthCare Technologies Inc.,SEC:GEHC,1,1,high
"Ge Medical Systems, LLC",ge medical systems,parent_table,GE HealthCare Technologies Inc.,SEC:GEHC,1,1,high
Geneseeq Technology Inc.,geneseeq technology,none,,,0,0,
Genesis Software Innovations,genesis software innovations,none,,,0,0,
"GetSet Surgical, SA",getset surgical,none,,,0,0,
Gleamer,gleamer,none,,,0,0,
Gleamer SAS,gleamer,none,,,0,0,
GuideAI Health,guideai health,none,,,0,0,
"HEARTFLOW, INC.",heartflow,sec_exact,"Heartflow, Inc.",SEC:HTFL,1,1,high
"HOLOGIC, INC.",hologic,parent_table,Hologic Inc.,,0,0,check
"Hangzhou ChohoTech Co., Ltd.",hangzhou chohotech,none,,,0,0,
"Harrison-AI Medical Pty, Ltd.",harrison ai medical,none,,,0,0,
Healthy.io Ltd,healthy io,none,,,0,0,
Healthy.io Ltd.,healthy io,none,,,0,0,
"HeartFlow, Inc",heartflow,sec_exact,"Heartflow, Inc.",SEC:HTFL,1,1,high
"HeartFlow, Inc.",heartflow,sec_exact,"Heartflow, Inc.",SEC:HTFL,1,1,high
HeartLung Corporation,heartlung,none,,,0,0,
"HeartVista, Inc.",heartvista,none,,,0,0,
Hermes Medical Solutions AB,hermes medical solutions,none,,,0,0,
Heroic Faith International Ltd.,heroic faith international,none,,,0,0,
"Heuron Co., Ltd.",heuron,none,,,0,0,
Hi-D Imaging AG,hi d imaging,none,,,0,0,
HighRAD Ltd.,highrad,none,,,0,0,
"HistoSonics, Inc.",histosonics,none,,,0,0,
Holberg EEG AS,holberg eeg,none,,,0,0,
Hologic Inc.,hologic,parent_table,Hologic Inc.,,0,0,check
"Hologic, Inc.",hologic,parent_table,Hologic Inc.,,0,0,check
"Honeynaps Co., Ltd.",honeynaps,none,,,0,0,
Hutom Inc.,hutom,none,,,0,0,
Huxley Medical,huxley medical,none,,,0,0,
"Hygieia, Inc",hygieia,none,,,0,0,
"Hyperfine Research, Inc",hyperfine research,none,,,0,0,
"Hyperfine, Inc.",hyperfine,sec_exact,"Hyperfine, Inc.",SEC:HYPR,1,1,high
Hypervision Surgical,hypervision surgical,none,,,0,0,
IB Lab GmbH,ib lab,none,,,0,0,
"ICAD, INC.",icad,parent_table,RadNet Inc.,SEC:RDNT,1,1,check
"IDx, LLC",idx,none,,,0,0,
"IMAGING BIOMETRICS, LLC",imaging biometrics,none,,,0,0,
IMBIO LLC,imbio,none,,,0,0,
"INTELLIGENT RETINAL IMAGING SYSTEMS, LLC",intelligent retinal imaging systems,none,,,0,0,
Ibex Medical Analytics Ltd.,ibex medical analytics,none,,,0,0,
Icardio.Ai,icardio ai,none,,,0,0,
Icometrix,icometrix,none,,,0,0,
Icometrix NV,icometrix,none,,,0,0,
"Imagen Technologies, Inc",imagen technologies,none,,,0,0,
"Imagen Technologies, Inc.",imagen technologies,none,,,0,0,
"Imbio, Inc",imbio,none,,,0,0,
"Imbio, Inc.",imbio,none,,,0,0,
"Imbio, LLC",imbio,none,,,0,0,
"Imeka Solutions, Inc.",imeka solutions,none,,,0,0,
Imidex Inc.,imidex,none,,,0,0,
ImpediMed Limited,impedimed,parent_table,ImpediMed Ltd.,ASX:IPD,0,1,high
Implicity Inc.,implicity,none,,,0,0,
"Implicity, Inc.",implicity,none,,,0,0,
"Imvaria, Inc",imvaria,none,,,0,0,
"Imvaria, Inc.",imvaria,none,,,0,0,
In-Med Prognostics L3C,in med prognostics l3c,none,,,0,0,
"InDevR, Inc.",indevr,none,,,0,0,
InVision Medical Technology Corporation,invision medical technology,none,,,0,0,
"Infervision Medical Technology Co., Ltd.",infervision medical technology,none,,,0,0,
"Infinite Biomedical Technologies, LLC",infinite biomedical technologies,none,,,0,0,
"Infinitt Healthcare Co., Ltd.",infinitt healthcare,none,,,0,0,
"Infinitt Healthcare Co.,Ltd.",infinitt healthcare,none,,,0,0,
"Inflammatix, Inc.",inflammatix,none,,,0,0,
Informai,informai,none,,,0,0,
"Innolitics, LLC",innolitics,none,,,0,0,
"Insight Medical Systems, Inc.",insight medical systems,none,,,0,0,
Intelligent Ultrasound Limited,intelligent ultrasound,none,,,0,0,
Intuitive Surgical Inc.,intuitive surgical,sec_exact,INTUITIVE SURGICAL INC,SEC:ISRG,1,1,high
"Intuitive Surgical, Inc.",intuitive surgical,sec_exact,INTUITIVE SURGICAL INC,SEC:ISRG,1,1,high
Iterative Health,iterative health,none,,,0,0,
Iterative Scopes Inc.,iterative scopes,none,,,0,0,
"Iterative Scopes, Inc.",iterative scopes,none,,,0,0,
JLK Inc.,jlk,parent_table,Listed Korean AI company,KOSDAQ,0,1,check
"JLK, Inc.",jlk,parent_table,Listed Korean AI company,KOSDAQ,0,1,check
"Kestra Medical Technologies, Inc.",kestra medical technologies,sec_exact,"KESTRA MEDICAL TECHNOLOGIES, LTD.",SEC:KMTS,1,1,high
"Keya Medical Technology Co., Ltd.",keya medical technology,none,,,0,0,
KeyaMed NA Inc.,keyamed na,none,,,0,0,
Kico Knee Innovation Company Pty Ltd,kico knee innovation,none,,,0,0,
"Kneevoice, Inc.",kneevoice,none,,,0,0,
"Koios Medical, Inc.",koios medical,none,,,0,0,
LARALAB GmbH,laralab,none,,,0,0,
LVIS Corporation,lvis,none,,,0,0,
LabStyle Innovations Ltd.,labstyle innovations,none,,,0,0,
Ligence Uab,ligence uab,none,,,0,0,
"Ligence, UAB",ligence uab,none,,,0,0,
Limbus AI Inc.,limbus ai,none,,,0,0,
Lunit Inc.,lunit,parent_table,Lunit Inc.,KOSDAQ:328130,0,1,high
"Lunit, Inc.",lunit,parent_table,Lunit Inc.,KOSDAQ:328130,0,1,high
M3DICINE Pty Ltd.,m3dicine,none,,,0,0,
MEDICA CORP.,medica,none,,,0,0,
"MEDICALIP Co., Ltd",medicalip,none,,,0,0,
MEDICREA INTERNATIONAL,medicrea international,parent_table,Medtronic plc,SEC:MDT,1,1,high
"MEDICREA International, Inc.",medicrea international,parent_table,Medtronic plc,SEC:MDT,1,1,high
"MEDIVIS, Inc.",medivis,none,,,0,0,
MEDO DX Pte. Ltd.,medo dx pte,none,,,0,0,
MIM Software Inc.,mim software,parent_table,GE HealthCare Technologies Inc.,SEC:GEHC,1,1,high
MIMOSA Diagnostics Inc,mimosa diagnostics,none,,,0,0,
MONARCH MEDICAL TECHNOLOGIES,monarch medical technologies,none,,,0,0,
MRIMath LLC,mrimath,none,,,0,0,
MRIguidance B.V,mriguidance,none,,,0,0,
MRIguidance B.V.,mriguidance,none,,,0,0,
MRlguidance B.V.,mrlguidance,none,,,0,0,
MSKai,mskai,none,,,0,0,
MVision AI,mvision ai,none,,,0,0,
MVision AI Oy,mvision ai,none,,,0,0,
Magentiq Eye LTD,magentiq eye,none,,,0,0,
"Magentiq Eye, Ltd.",magentiq eye,none,,,0,0,
"Manteia Technologies Co., Ltd.",manteia technologies,none,,,0,0,
Masimo Corporation,masimo,none,,,0,0,
Matakina Technology LTD,matakina technology,none,,,0,0,
MaxQ Al Ltd.,maxq al,none,,,0,0,
MaxQ-Al Ltd.,maxq al,none,,,0,0,
Mazor Robotics Ltd.,mazor robotics,none,,,0,0,
MeVis Medical Solutions AG,mevis medical solutions,none,,,0,0,
"Measure Labs, Inc. (Dba Preemptiveai, Inc.)",measure labs dba preemptiveai,none,,,0,0,
"MedCognetics, Inc.",medcognetics,none,,,0,0,
"MedMind Technology Co., Ltd.",medmind technology,none,,,0,0,
Medacta International S.A.,medacta international,none,,,0,0,
Medasense Biometrics Ltd.,medasense biometrics,none,,,0,0,
"Medcognetics, Inc.",medcognetics,none,,,0,0,
Median Technologies,median technologies,none,,,0,0,
Medic Vision - Imaging Solutions Ltd,medic vision imaging solutions,none,,,0,0,
"Medical Metrics, Inc.",medical metrics,none,,,0,0,
Medicalgorithmics S.A.,medicalgorithmics,parent_table,Medicalgorithmics S.A.,WSE:MDG,0,1,high
Medicalvr B.V.,medicalvr,none,,,0,0,
Medicrea International,medicrea international,parent_table,Medtronic plc,SEC:MDT,1,1,high
Medicrea International S.A.S. (Medtronic),medicrea international s medtronic,parent_table,Medtronic plc,SEC:MDT,1,1,high
"Medipixel, Inc.",medipixel,none,,,0,0,
Medo.ai,medo ai,none,,,0,0,
Medtronic Cardiac Rhythm Disease Management,medtronic cardiac rhythm disease management,parent_table,Medtronic plc,SEC:MDT,1,1,high
"Medtronic Navigation, Inc",medtronic navigation,parent_table,Medtronic plc,SEC:MDT,1,1,high
"Medtronic Navigation, Inc.",medtronic navigation,parent_table,Medtronic plc,SEC:MDT,1,1,high
"Medtronic, Inc.",medtronic,parent_table,Medtronic plc,SEC:MDT,1,1,high
Medviso AB,medviso,none,,,0,0,
Merge Healthcare Incorporated,merge healthcare,none,,,0,0,
Metamorphosis GmbH,metamorphosis,none,,,0,0,
Methinks Software S.L.,methinks software s l,none,,,0,0,
Microsoft Corp.,microsoft,sec_exact,MICROSOFT CORP,SEC:MSFT,1,1,high
"Microstructure Imaging, Inc.",microstructure imaging,none,,,0,0,
Mighty Oak Medical,mighty oak medical,none,,,0,0,
Milvue,milvue,none,,,0,0,
Mim Fertility,mim fertility,none,,,0,0,
"Mim Software, Inc.",mim software,parent_table,GE HealthCare Technologies Inc.,SEC:GEHC,1,1,high
"Mindset Medical, Inc.",mindset medical,none,,,0,0,
"Mint Labs, Inc., d/b/a. QMENTA",mint labs d b a qmenta,none,,,0,0,
Mirada Medical Ltd.,mirada medical,none,,,0,0,
Mlhealth 360,mlhealth 360,none,,,0,0,
Momentum Health Inc.,momentum health,none,,,0,0,
Moon Surgical,moon surgical,none,,,0,0,
MultiModal Imaging Services Corporation (dba HealthLytix),multimodal imaging services dba healthlytix,none,,,0,0,
Mvision AI Oy,mvision ai,none,,,0,0,
Mycardium AI Limited,mycardium ai,none,,,0,0,
"NEUROPHET, Inc.",neurophet,none,,,0,0,
NICo-Lab B.V.,nico lab,none,,,0,0,
Naitive Technologies Ltd,naitive technologies,none,,,0,0,
Nano-X AI Ltd.,nano x ai,none,,,0,0,
NanoxAI Ltd.,nanoxai,none,,,0,0,
Neosoma Inc.,neosoma,none,,,0,0,
"Neosoma, Inc.",neosoma,none,,,0,0,
Neumetry Medical Inc,neumetry medical,none,,,0,0,
Neuro Event Labs OY,neuro event labs,none,,,0,0,
NeuroSpectrum Insights Corp.,neurospectrum insights,none,,,0,0,
Neurocareai Inc.,neurocareai,none,,,0,0,
"Neurocareai, Inc. (Dba Savelife.Ai)",neurocareai dba savelife ai,none,,,0,0,
"Neuromedical Systems, Inc.",neuromedical systems,none,,,0,0,
"Neurophet, Inc.",neurophet,none,,,0,0,
"Neurophet., Inc.",neurophet,none,,,0,0,
"Neusoft Medical Systems Co., Ltd.",neusoft medical systems,none,,,0,0,
New Touch Digital Inc.,new touch digital,none,,,0,0,
Nexsys Electronics Inc. dba Medweb,nexsys electronics dba medweb,none,,,0,0,
Nico.Lab B.V.,nico lab,none,,,0,0,
"NinePoint Medical, Inc.",ninepoint medical,none,,,0,0,
"Nines, Inc.",nines,none,,,0,0,
Nobel Biocare AB,nobel biocare,none,,,0,0,
Nobel Biocare C/O Medicim NV,nobel biocare c o medicim,none,,,0,0,
NordicNeurolab AS,nordicneurolab,none,,,0,0,
Notal Vision Inc,notal vision,none,,,0,0,
Nox Medical Ehf,nox medical ehf,none,,,0,0,
Nox Medical ehf,nox medical ehf,none,,,0,0,
"NuVasive, Incorporated",nuvasive,none,,,0,0,
Nurea,nurea,none,,,0,0,
NuvoAir AB,nuvoair,none,,,0,0,
OBS MEDICAL,obs medical,none,,,0,0,
"OXOS Medical, Inc.",oxos medical,none,,,0,0,
"Oculogica, Inc.",oculogica,none,,,0,0,
Odin Medical Limited,odin medical,none,,,0,0,
Olea Medical,olea medical,parent_table,Canon Inc.,SEC:CAJPY,1,1,check
Olea Medical S.A.S.,olea medical s,parent_table,Canon Inc.,SEC:CAJPY,1,1,check
"Omega Medical Imaging, LLC",omega medical imaging,none,,,0,0,
"OncoSoft. Co., Ltd.",oncosoft,none,,,0,0,
"Oncospace, Inc.",oncospace,none,,,0,0,
Onera B.V.,onera,none,,,0,0,
"Ontact Health Co., Ltd",ontact health,none,,,0,0,
"Ontact Health Co., Ltd.",ontact health,none,,,0,0,
Optellum Ltd,optellum,none,,,0,0,
"Orca Dental AI , Ltd.",orca dental ai,none,,,0,0,
Orca Dental AI LTD,orca dental ai,none,,,0,0,
Ortho AI LLC,ortho ai,none,,,0,0,
OrthoGrid Systems Inc.,orthogrid systems,none,,,0,0,
"OrthoGrid Systems, Inc.",orthogrid systems,none,,,0,0,
Orthofix Srl,orthofix,none,,,0,0,
Orthofix US LLC,orthofix us,none,,,0,0,
Orthosoft Inc. (d/b/a) Zimmer CAS,orthosoft d b a zimmer cas,none,,,0,0,
Ortoma AB,ortoma,none,,,0,0,
Otto Bock Healthcare Products GmbH,otto bock healthcare products,none,,,0,0,
Overjet Inc,overjet,none,,,0,0,
Overjet Inc.,overjet,none,,,0,0,
"Overjet, Inc",overjet,none,,,0,0,
"Overjet, Inc.",overjet,none,,,0,0,
Oxehealth Limited,oxehealth,none,,,0,0,
Oxford Brain Diagnostics Ltd,oxford brain diagnostics,none,,,0,0,
PATHWORK DIAGNOSTICS,pathwork diagnostics,none,,,0,0,
"PATHWORK DIAGNOSTICS, INC.",pathwork diagnostics,none,,,0,0,
PIUR Imaging GmbH,piur imaging,none,,,0,0,
PacificMD Biotech Llc,pacificmd biotech,none,,,0,0,
Paige.AI,paige ai,none,,,0,0,
"Pathwai, Inc.",pathwai,none,,,0,0,
Pearl Inc.,pearl,none,,,0,0,
"Pearl, Inc.",pearl,none,,,0,0,
"Peek Health, S.A.",peek health,none,,,0,0,
Peerbridge Health INc.,peerbridge health,none,,,0,0,
"PeraHealth, Inc.",perahealth,none,,,0,0,
"PeriGen, Inc.",perigen,none,,,0,0,
"Perimeter Medical Imaging AI, Inc.",perimeter medical imaging ai,none,,,0,0,
"Perimeter Medical Imaging Ai, Inc.",perimeter medical imaging ai,none,,,0,0,
"Perin Health Devices, LLC",perin health devices,none,,,0,0,
Perspectum,perspectum,none,,,0,0,
Perspectum Diagnostics Ltd,perspectum diagnostics,none,,,0,0,
Perspectum LTD,perspectum,none,,,0,0,
Perspectum Ltd.,perspectum,none,,,0,0,
"Perspectum, Ltd.",perspectum,none,,,0,0,
Persyst Development Corporation,persyst development,none,,,0,0,
Phantomics Inc.,phantomics,none,,,0,0,
Philips France Commercial,philips france commercial,parent_table,Koninklijke Philips N.V.,SEC:PHG,1,1,high
Philips Healthcare,philips healthcare,parent_table,Koninklijke Philips N.V.,SEC:PHG,1,1,high
"Philips Healthcare (Suzhou) Co., Ltd",philips healthcare suzhou,parent_table,Koninklijke Philips N.V.,SEC:PHG,1,1,high
"Philips Healthcare (Suzhou) Co., Ltd.",philips healthcare suzhou,parent_table,Koninklijke Philips N.V.,SEC:PHG,1,1,high
Philips Medical Systems,philips medical systems,parent_table,Koninklijke Philips N.V.,SEC:PHG,1,1,high
Philips Medical Systems DMC GmbH,philips medical systems dmc,parent_table,Koninklijke Philips N.V.,SEC:PHG,1,1,high
Philips Medical Systems MR Finland,philips medical systems mr finland,parent_table,Koninklijke Philips N.V.,SEC:PHG,1,1,high
Philips Medical Systems Nederland B.V.,philips medical systems nederland,parent_table,Koninklijke Philips N.V.,SEC:PHG,1,1,high
"Philips Medical Systems Nederland, B.V.",philips medical systems nederland,parent_table,Koninklijke Philips N.V.,SEC:PHG,1,1,high
Philips Medical Systems Nederlands B.V.,philips medical systems nederlands,parent_table,Koninklijke Philips N.V.,SEC:PHG,1,1,high
"Philips Medical Systems Technologies , Ltd.",philips medical systems technologies,parent_table,Koninklijke Philips N.V.,SEC:PHG,1,1,high
"Philips Medical Systems Technologies, Ltd.",philips medical systems technologies,parent_table,Koninklijke Philips N.V.,SEC:PHG,1,1,high
Philips Oy,philips,parent_table,Koninklijke Philips N.V.,SEC:PHG,1,1,high
Philips Ultrasound,philips ultrasound,parent_table,Koninklijke Philips N.V.,SEC:PHG,1,1,high
Philips Ultrasound LLC,philips ultrasound,parent_table,Koninklijke Philips N.V.,SEC:PHG,1,1,high
"Philips Ultrasound, Inc.",philips ultrasound,parent_table,Koninklijke Philips N.V.,SEC:PHG,1,1,high
"Philips Ultrasound, LLC",philips ultrasound,parent_table,Koninklijke Philips N.V.,SEC:PHG,1,1,high
"PhysCade, Inc.",physcade,none,,,0,0,
Pie Medical Imaging BV,pie medical imaging,none,,,0,0,
PranaQ Pte. Ltd.,pranaq pte,none,,,0,0,
Precision AI Pty Ltd,precision ai,none,,,0,0,
"Precision AI Pty, Ltd.",precision ai,none,,,0,0,
"Precision Medical Ventures, Inc. Dba Revealdx",precision medical ventures dba revealdx,none,,,0,0,
"Prenosis, Inc.",prenosis,none,,,0,0,
Prenuvo,prenuvo,none,,,0,0,
"Preventice Technologies, Inc.",preventice technologies,none,,,0,0,
Procept BioRobotics,procept biorobotics,sec_exact,PROCEPT BioRobotics Corp,SEC:PRCT,1,1,high
Procept Biorobotics,procept biorobotics,sec_exact,PROCEPT BioRobotics Corp,SEC:PRCT,1,1,high
"Prolaio, Inc.",prolaio,none,,,0,0,
"Q Bio, Inc.",q bio,none,,,0,0,
QFR Solutions bv,qfr solutions,none,,,0,0,
"QT Imaging Holdings, Inc.",qt imaging,sec_exact,"QT IMAGING HOLDINGS, INC.",SEC:QTI,1,1,high
QUANTIB BV,quantib,parent_table,RadNet Inc.,SEC:RDNT,1,1,high
QUIBIM S.L.,quibim s l,none,,,0,0,
"QView Medical, Inc.",qview medical,none,,,0,0,
Qompium nv,qompium,none,,,0,0,
Quanta Computer Inc.,quanta computer,none,,,0,0,
Quantib B.V.,quantib,parent_table,RadNet Inc.,SEC:RDNT,1,1,high
Quantib BV,quantib,parent_table,RadNet Inc.,SEC:RDNT,1,1,high
"Quantitative Insights, Inc",quantitative insights,none,,,0,0,
"Quantitative Radiology Solutions, LLC",quantitative radiology solutions,none,,,0,0,
Quibim S.L.,quibim s l,none,,,0,0,
Qure.Ai Technologies,qure ai technologies,none,,,0,0,
Qure.ai Technologies,qure ai technologies,none,,,0,0,
Qynapse,qynapse,none,,,0,0,
"RADLOGICS, INC.",radlogics,none,,,0,0,
"RADLogics, Inc.",radlogics,none,,,0,0,
"RAY Co., Ltd.",ray,none,,,0,0,
RIVERAIN MEDICAL GROUP,riverain medical,none,,,0,0,
"RIVERAIN MEDICAL GROUP,LLC",riverain medical,none,,,0,0,
RIVERAIN TECHNOLOGIES,riverain technologies,none,,,0,0,
"RIVERAIN TECHNOLOGIES, LLC",riverain technologies,none,,,0,0,
ROPCA ApS,ropca aps,none,,,0,0,
"Radformation, Inc.",radformation,none,,,0,0,
Radiobotics ApS,radiobotics aps,none,,,0,0,
RaySearch Laboratories AB (PUBL),raysearch laboratories,parent_table,RaySearch Laboratories AB,STO:RAY-B,0,1,high
RaySearch Laboratories AB (publ),raysearch laboratories,parent_table,RaySearch Laboratories AB,STO:RAY-B,0,1,high
"RebrAIn, SAS",rebrain,none,,,0,0,
"Rebrain, SAS",rebrain,none,,,0,0,
Relu BV,relu,none,,,0,0,
Remedy Logic Inc.,remedy logic,none,,,0,0,
"Renalytix AI, Inc.",renalytix ai,parent_table,Renalytix plc,SEC:RNLXY,1,1,high
ResMed Corp,resmed,sec_exact,RESMED INC,SEC:RMD,1,1,high
Resonance Health Analysis Services Pty Ltd,resonance health analysis services,parent_table,Resonance Health Ltd.,ASX:RHT,0,1,high
Restor3D,restor3d,none,,,0,0,
"Rhythm Al, Ltd",rhythm al,none,,,0,0,
"RightEye, LLC",righteye,none,,,0,0,
"Rivanna Medical, Inc.",rivanna medical,none,,,0,0,
"Riverain Technologies, Inc.",riverain technologies,none,,,0,0,
"Roche Molecular Systems, Inc.",roche molecular systems,none,,,0,0,
Rooti Labs Ltd.,rooti labs,none,,,0,0,
SCIBASE AB,scibase,none,,,0,0,
"SIEMENS MEDICAL SOLUTIONS USA, INC.",siemens medical solutions usa,parent_table,Siemens Healthineers AG,XETRA:SHL,0,1,high
SK Inc.,sk,none,,,0,0,
SPECTRA SCIENCE,spectra science,none,,,0,0,
"SPECTRALMD, INC.",spectralmd,none,,,0,0,
"STRATA SKIN SCIENCES, INC.",strata skin sciences,none,,,0,0,
"STRATOSCIENTIFIC, INC.",stratoscientific,none,,,0,0,
"SafeBeat Rx, Inc.",safebeat rx,none,,,0,0,
"Samsung Electronics Co., Ltd",samsung electronics,parent_table,Samsung Electronics Co. Ltd.,KRX:005930,0,1,high
"Samsung Electronics Co.,Ltd.",samsung electronics,parent_table,Samsung Electronics Co. Ltd.,KRX:005930,0,1,high
"Samsung Medison CO., LTD.",samsung medison,parent_table,Samsung Electronics Co. Ltd.,KRX:005930,0,1,high
"Samsung Medison Co., LTD",samsung medison,parent_table,Samsung Electronics Co. Ltd.,KRX:005930,0,1,high
"Samsung Medison Co., Ltd.",samsung medison,parent_table,Samsung Electronics Co. Ltd.,KRX:005930,0,1,high
Saranas Inc.,saranas,none,,,0,0,
ScanDiags AG,scandiags,none,,,0,0,
"ScanMed, LLC",scanmed,none,,,0,0,
"Scopio Labs , Ltd.",scopio labs,none,,,0,0,
Scopio Labs LTD.,scopio labs,none,,,0,0,
Scopio Labs Ltd.,scopio labs,none,,,0,0,
ScreenPoint Medical B.V.,screenpoint medical,none,,,0,0,
ScreenPoint Medical BV,screenpoint medical,none,,,0,0,
Screenpoint Medical B.V.,screenpoint medical,none,,,0,0,
See-Mode Technologies Pte. Ltd.,see mode technologies pte,none,,,0,0,
"Seno Medical Instruments, Inc.",seno medical instruments,none,,,0,0,
"Shanghai United Imaging Healthcare Co., Ltd",shanghai united imaging healthcare,parent_table,Shanghai United Imaging Healthcare,SSE:688271,0,1,high
"Shanghai United Imaging Healthcare Co., Ltd.",shanghai united imaging healthcare,parent_table,Shanghai United Imaging Healthcare,SSE:688271,0,1,high
"Shanghai United Imaging Healthcare Co.,Ltd.",shanghai united imaging healthcare,parent_table,Shanghai United Imaging Healthcare,SSE:688271,0,1,high
"Shanghai United Imaging Intelligence Co., Ltd.",shanghai united imaging intelligence,parent_table,United Imaging Intelligence,,0,0,check
"Shenzhen Carewell Electronics Co., Ltd.",shenzhen carewell electronics,none,,,0,0,
"Shenzhen Carewell Electronics., Ltd",shenzhen carewell electronics,none,,,0,0,
"Shenzhen Mindray Bio-Medical Electronics Co.,LTD",shenzhen mindray bio medical electronics,none,,,0,0,
Shimadzu Corporation,shimadzu,sec_exact,Shimadzu Corporation/ADR,SEC:SHMXY,1,1,high
Siemens Healthcare GmBh,siemens healthcare,parent_table,Siemens Healthineers AG,XETRA:SHL,0,1,high
Siemens Healthcare GmbH,siemens healthcare,parent_table,Siemens Healthineers AG,XETRA:SHL,0,1,high
Siemens Healthineers AG,siemens healthineers,parent_table,Siemens Healthineers AG,XETRA:SHL,0,1,high
"Siemens Medical Solution USA, Inc.",siemens medical solution usa,parent_table,Siemens Healthineers AG,XETRA:SHL,0,1,high
Siemens Medical Solutions,siemens medical solutions,parent_table,Siemens Healthineers AG,XETRA:SHL,0,1,high
Siemens Medical Solutions U.S.A.,siemens medical solutions u,parent_table,Siemens Healthineers AG,XETRA:SHL,0,1,high
Siemens Medical Solutions USA Inc.,siemens medical solutions usa,parent_table,Siemens Healthineers AG,XETRA:SHL,0,1,high
"Siemens Medical Solutions USA, Inc",siemens medical solutions usa,parent_table,Siemens Healthineers AG,XETRA:SHL,0,1,high
"Siemens Medical Solutions USA, Inc.",siemens medical solutions usa,parent_table,Siemens Healthineers AG,XETRA:SHL,0,1,high
"Siemens Medical Solutions, Inc",siemens medical solutions,parent_table,Siemens Healthineers AG,XETRA:SHL,0,1,high
"Siemens Medical Solutions, USA, Inc.",siemens medical solutions usa,parent_table,Siemens Healthineers AG,XETRA:SHL,0,1,high
"Siemens Shenzhen Magnetic Resonance , Ltd.",siemens shenzhen magnetic resonance,parent_table,Siemens Healthineers AG,XETRA:SHL,0,1,high
SigTuple Technologies Pvt. Ltd.,sigtuple technologies pvt,none,,,0,0,
Sight Diagnostics Ltd.,sight diagnostics,none,,,0,0,
"SimBioSys, Inc.",simbiosys,none,,,0,0,
Smart Alfa Teknoloji San. Ve Tic. A.S.,smart alfa teknoloji san ve tic,none,,,0,0,
Smart Soft Healthcare,smart soft healthcare,none,,,0,0,
Smart Soft Healthcare AD,smart soft healthcare ad,none,,,0,0,
"SmartTarget, Ltd.",smarttarget,none,,,0,0,
Softlink International Private Limited,softlink international private,none,,,0,0,
Software Nemotec S.L.,software nemotec s l,none,,,0,0,
Sonic Incytes,sonic incytes,none,,,0,0,
Sonio,sonio,parent_table,Samsung Electronics Co. Ltd.,KRX:005930,0,1,check
Sonoscape Medical Corp.,sonoscape medical,none,,,0,0,
"Sora Neuroscience, Inc.",sora neuroscience,none,,,0,0,
"Sparrow Acoustics, Inc.",sparrow acoustics,none,,,0,0,
"Spectrawave, Inc.",spectrawave,none,,,0,0,
Spectronic Medical AB,spectronic medical,none,,,0,0,
Spectrum Dynamics Medical Ltd,spectrum dynamics medical,none,,,0,0,
"Spectrum Dynamics Medical, Ltd.",spectrum dynamics medical,none,,,0,0,
"Springbok, Inc.",springbok,none,,,0,0,
"Springbok, Inc. (dba Springbok Analytics)",springbok dba springbok analytics,none,,,0,0,
"Spry Health, Inc.",spry health,none,,,0,0,
Statlife,statlife,none,,,0,0,
Stryker Corp.,stryker,sec_exact,STRYKER CORP,SEC:SYK,1,1,high
Stryker Instruments,stryker instruments,none,,,0,0,
Subtle Medical Inc.,subtle medical,none,,,0,0,
"Subtle Medical, Inc.",subtle medical,none,,,0,0,
"Surgical Information Sciences, Inc.",surgical information sciences,none,,,0,0,
"Surgical Theater, Inc.",surgical theater,none,,,0,0,
Sydney Neuroimaging Analysis Centre Pty Ltd,sydney neuroimaging analysis centre,none,,,0,0,
Synapsica,synapsica,none,,,0,0,
"SyncThink, Inc.",syncthink,none,,,0,0,
"THINK Surgical, Inc.",think surgical,none,,,0,0,
TOMTEC Imaging Systems GmbH,tomtec imaging systems,none,,,0,0,
TOPIA MEDTECH LIMITED,topia medtech,none,,,0,0,
TaiHao Medical Inc.,taihao medical,none,,,0,0,
"Taiwan Medical Imaging Co., Ltd.",taiwan medical imaging,none,,,0,0,
TechsoMed,techsomed,none,,,0,0,
Techsomed,techsomed,none,,,0,0,
Techsomed Medical Technologies,techsomed medical technologies,none,,,0,0,
"Tempus AI, Inc.",tempus ai,sec_exact,"Tempus AI, Inc.",SEC:TEM,1,1,high
"Tempus Labs, Inc.",tempus labs,none,,,0,0,
TeraRecon Inc.,terarecon,none,,,0,0,
"TeraRecon, Inc",terarecon,none,,,0,0,
"TeraRecon, Inc.",terarecon,none,,,0,0,
"TeraRecon,Inc.",terarecon,none,,,0,0,
"Terarecon,Inc.",terarecon,none,,,0,0,
"The Surgeon General, Department of the Army (TSG-DA)",surgeon general department of army tsg da,none,,,0,0,
TheraPanacea,therapanacea,none,,,0,0,
Therapanacea SAS,therapanacea,none,,,0,0,
Therapanacea Sas,therapanacea,none,,,0,0,
Therapixel,therapixel,none,,,0,0,
Therenva SAS,therenva,none,,,0,0,
Thirona BV,thirona,none,,,0,0,
Thirona Corporation,thirona,none,,,0,0,
"Tissue Differentiation Intelligence, LLC",tissue differentiation intelligence,none,,,0,0,
"TransEnterix, Inc.",transenterix,none,,,0,0,
TribusMed Beheer BV,tribusmed beheer,none,,,0,0,
Twinsight,twinsight,none,,,0,0,
"Tyto Care , Ltd.",tyto care,none,,,0,0,
Tyto Care Ltd.,tyto care,none,,,0,0,
UltraSight Inc.,ultrasight,none,,,0,0,
"Ultrasight , Ltd.",ultrasight,none,,,0,0,
Ultrasound AI,ultrasound ai,none,,,0,0,
Ultromics Limited,ultromics,none,,,0,0,
Ultromics Ltd,ultromics,none,,,0,0,
"University of Texas, MD Anderson Cancer Center",university of texas md anderson cancer center,none,,,0,0,
V5med Inc.,v5med,none,,,0,0,
"VGBio, Inc (DBA PhysIQ)",vgbio dba physiq,none,,,0,0,
VIDA Diagnostics Inc.,vida diagnostics,none,,,0,0,
VUNO Inc.,vuno,parent_table,Listed Korean AI company,KOSDAQ,0,1,check
Varian Medical Systems Inc.,varian medical systems,parent_table,Siemens Healthineers AG,XETRA:SHL,0,1,high
"Varian Medical Systems, Inc.",varian medical systems,parent_table,Siemens Healthineers AG,XETRA:SHL,0,1,high
Velmeni Inc.,velmeni,none,,,0,0,
"Velmeni, Inc.",velmeni,none,,,0,0,
Vent Creativity,vent creativity,none,,,0,0,
Ventripoint Diagnostics Ltd.,ventripoint diagnostics,parent_table,Ventripoint Diagnostics Ltd.,TSXV:VPT,0,1,check
"Ventripoint Diagnostics, Ltd.",ventripoint diagnostics,parent_table,Ventripoint Diagnostics Ltd.,TSXV:VPT,0,1,check
Verathon Incorporated,verathon,none,,,0,0,
Verdure Imaging,verdure imaging,none,,,0,0,
Verily Life Sciences LLC,verily life sciences,parent_table,Alphabet Inc.,SEC:GOOGL,1,1,high
"ViTAA Medical Solutions, Inc.",vitaa medical solutions,none,,,0,0,
VideaHealth Inc.,videahealth,none,,,0,0,
"VideaHealth, Inc",videahealth,none,,,0,0,
"VideaHealth, Inc.",videahealth,none,,,0,0,
VinBigData Joint Stock Company,vinbigdata joint stock,none,,,0,0,
VinBrain Joint Stock Company,vinbrain joint stock,none,,,0,0,
Visage Imaging GmbH,visage imaging,none,,,0,0,
"Vista AI, Inc.",vista ai,none,,,0,0,
"Vital Images, Inc.",vital images,none,,,0,0,
"VitalConnect, Inc.",vitalconnect,none,,,0,0,
Vitrolife A/S,vitrolife,none,,,0,0,
VivaQuant Inc.,vivaquant,none,,,0,0,
"Vivaquant, Inc. Dba Rhythm Express",vivaquant dba rhythm express,none,,,0,0,
"Viz. ai, Inc.",viz ai,none,,,0,0,
"Viz.Al, Inc.",viz al,none,,,0,0,
"Viz.ai, Inc.",viz ai,none,,,0,0,
Volpara Health Technologies Limited,volpara health technologies,none,,,0,0,
Volta Medical,volta medical,none,,,0,0,
Voronoi Health Analytics Incorporated,voronoi health analytics,none,,,0,0,
Vuno Inc.,vuno,parent_table,Listed Korean AI company,KOSDAQ,0,1,check
Vysioneer Inc.,vysioneer,none,,,0,0,
Wave Neuroscience,wave neuroscience,none,,,0,0,
"WellDoc, Inc.",welldoc,none,,,0,0,
"Wesper, Inc.",wesper,none,,,0,0,
Whiterabbit.ai Inc.,whiterabbit ai,none,,,0,0,
"Wisdom Technologies., Inc.",wisdom technologies,none,,,0,0,
Withings,withings,none,,,0,0,
"Wuhan United Imaging Healthcare Co.,Ltd",wuhan united imaging healthcare,none,,,0,0,
"X-Nav Technologies, LLC",x nav technologies,none,,,0,0,
"X9, Inc.",x9,none,,,0,0,
Xiamen Manteia Technology LTD.,xiamen manteia technology,none,,,0,0,
"Yukun (Beijing) Technology Co., Ltd",yukun beijing technology,none,,,0,0,
"ZEPMED, LLC.",zepmed,none,,,0,0,
Zebra Medical Vision  Ltd.,zebra medical vision,parent_table,Nano-X Imaging Ltd.,SEC:NNOX,1,1,high
Zebra Medical Vision Ltd.,zebra medical vision,parent_table,Nano-X Imaging Ltd.,SEC:NNOX,1,1,high
"Zebra Medical Vision, Ltd.",zebra medical vision,parent_table,Nano-X Imaging Ltd.,SEC:NNOX,1,1,high
Zephyr Sleep Technologies,zephyr sleep technologies,none,,,0,0,
"Ziosoft, Inc.",ziosoft,none,,,0,0,
eko.ai Pte. Ltd. d/b/a Us2.ai,eko ai pte d b a us2 ai,none,,,0,0,
iCAD Inc,icad,parent_table,RadNet Inc.,SEC:RDNT,1,1,check
iCAD Inc.,icad,parent_table,RadNet Inc.,SEC:RDNT,1,1,check
"iCAD, Inc.",icad,parent_table,RadNet Inc.,SEC:RDNT,1,1,check
iCardio.ai,icardio ai,none,,,0,0,
"iRhythm Technologies, Inc.",irhythm technologies,parent_table,iRhythm Holdings Inc.,SEC:IRTC,1,1,high
iSchema View Inc.,ischema view,none,,,0,0,
iSchemaView,ischemaview,none,,,0,0,
iSchemaView Inc.,ischemaview,none,,,0,0,
iSchemaView Incorporated,ischemaview,none,,,0,0,
"iSchemaView, Inc.",ischemaview,none,,,0,0,
iSchemaview Inc.,ischemaview,none,,,0,0,
icometrix NV,icometrix,none,,,0,0,
"inHEART, SAS",inheart,none,,,0,0,
"physIQ, Inc",physiq,none,,,0,0,
"spectralmd, inc.",spectralmd,none,,,0,0,
